{
  "resnet50": {
    "accuracy": 0.9908045977011494,
    "precision": 0.9908360888049127,
    "recall": 0.9908045977011494,
    "f1": 0.9908124701962507
  },
  "vit_small": {
    "accuracy": 0.9977011494252873,
    "precision": 0.997716894977169,
    "recall": 0.9977011494252873,
    "f1": 0.9977011220902349
  },
  "explainability": {
    "gradcam_insertion_auc": 0.7361445537944831,
    "gradcam_deletion_auc": 0.448949485359823,
    "gradcam_entropy": 0.9502836801049638,
    "rollout_entropy": 0.853671279215328,
    "gradcam_aopc": 0.029684572269519174,
    "gradcam_fls_mean": 0.008324844621307866,
    "rollout_fls_mean": 0.0,
    "random_fls_mean": 0.0023773796316638963
  }
}